Workbook

Sheet 同材共裁
A1: 類型: 同材共裁 | 樣本: header_id=32 sheet=" 同材共裁" | 總檔數: 170 | 生成: 2026-06-11
A2: A: 原表位置 | B2: B: 欄位名稱/表頭文字 | C2: C: 樣本值 | D2: D: 公式原文 | E2: E: 判定 要/不要 | F2: F: 判定 輸入方式 | G2: G: 出現率% | H2: H: 【Jim反饋欄】← 空=同意，有字=修正意見
A3: 第2行 | B3: BIỂU PHÂN TÍCH SẢN LƯỢNG TRUNG TÂM CHẶT 同材共裁IE产能分析表 | E3: 不要 | F3: —
A4: 第3行 | B4: Mã số văn kiện : Document No. 文件編號: I/HYL /C-1 | E4: 不要 | F4: —
A5: 第4行 | B5: Tên hình thể : LA TRAINER Mục tiêu sản lượng : 960 đôi/8H | E5: 不要 | F5: —
A6: 第5行 | B6: Model Name : LA TRAINER Target Output : 960 Prs / 8H (120 | E6: 不要 | F6: —
A7: 第6行 | B7: 鞋型名称: LA TRAINER 目標產能 : 960双/8H (120双/H) . TT：30.0秒/双 | E7: 不要 | F7: —
A8: 第7行 | B8: Mã số: 01 | E8: 不要 | F8: —
A9: B | B9: STT 序號 | C9: 1 | D9: =#REF! | E9: 要 | F9: 公式(鎖定) | G9: 100%
A10: C | B10: Tên phối kiện 部件名称 | C10: 3 dây TT | E10: 要 | F10: 人工輸入 | G10: 99%
A11: D | B11: Số lớp 层数 | C11: 2 | E11: 要 | F11: 人工輸入 | G11: 43%
A12: E | B12: Số đôi / dao 双数 /一刀 | C12: 0.5 | E12: 要 | F12: 人工輸入 | G12: 43%
A13: F | B13: Thời gian thực tế /1 dao chặt 正常时间 / 一刀 | C13: 14.54 | D13: ⚠ 10種變體 | E13: 要 | F13: 人工輸入 | G13: 90%
A14: G | B14: Trừ hao 10% 寬放率 10% | C14: 10 | D14: ⚠ 3種變體 | E14: 要 | F14: 人工輸入 | G14: 86%
A15: H | B15: Số phối kiện /đôi 片数/双 | C15: 2 | D15: =SUM(H9:H16) ⚠ 5種變體 | E15: 要 | F15: 公式(鎖定) | G15: 94%
A16: I | B16: Tiêu chuẩn thời gian giây/đôi 標准時間 (秒/雙) | C16: 2.24 | D16: =F9*1.1 ⚠ 3種變體 | E16: 要 | F16: 公式(鎖定) | G16: 97%
A17: J | B17: Mục tiêu sản xuất (Đôi /H) 生产目标 (双/H) | C17: =3600/I9 | D17: =3600/I9 ⚠ 11種變體 | E17: 要 | F17: 公式(鎖定) | G17: 100%
A18: K | B18: Số người lý luận 理论人数 | C18: =I9/$Q$10 | D18: =I9/$Q$10 ⚠ 7種變體 | E18: 要 | F18: 公式(鎖定) | G18: 99%
A19: L | B19: Số người thực tế IE sắp đặt 實際人數 | C19: 0.5 | D19: =SUM(L9:L16) ⚠ 7種變體 | E19: 要 | F19: 公式(鎖定) | G19: 98%
A20: M | B20: Tên máy Name of machine 机器名稱 | C20: Máy chặt 裁断机 | D20: ⚠ 3種變體 | E20: 要 | F20: 人工輸入 | G20: 61%
A21: N | B21: Số lượng máy Quantity of machine 机器數量 | C21: 1 | D21: =SUM(N9:N16) | E21: 要 | F21: 公式(鎖定) | G21: 28%
A22: O | B22: Tên nguyên liệu 材料类 | C22: Da giả 人造皮 | D22: ⚠ 3種變體 | E22: 要 | F22: 人工輸入 | G22: 29%
A23: Q | B23: 480 | C23: =Q8/8 | D23: =Q8/8 | E23: 要 | F23: 公式(鎖定) | G23: 6%

Sheet Cutting 裁斷
A1: 類型: Cutting 裁斷 | 樣本: header_id=32 sheet="Cutting (da thật)" | 總檔數: 195 | 生成: 2026-06-11
A2: A: 原表位置 | B2: B: 欄位名稱/表頭文字 | C2: C: 樣本值 | D2: D: 公式原文 | E2: E: 判定 要/不要 | F2: F: 判定 輸入方式 | G2: G: 出現率% | H2: H: 【Jim反饋欄】← 空=同意，有字=修正意見
A3: 第1行 | B3: BIỂU PHÂN TÍCH LƯU TRÌNH PHA CẮT 裁斷流程分析表 | E3: 不要 | F3: —
A4: 第2行 | B4: OPERATION BREAKDOWN (OB) - Cutting Section | E4: 不要 | F4: —
A5: 第3行 | B5: Mã số văn kiện : Document No. 文件編號: I/HYL /C-1 | E5: 不要 | F5: —
A6: 第4行 | B6: Tên hình thể : LA TRAINER Mục tiêu sản lượng : 480 đôi/8H | E6: 不要 | F6: —
A7: 第5行 | B7: Model Name : LA TRAINER Target Output : 480 Prs / 8H (60 P | E7: 不要 | F7: —
A8: 第6行 | B8: 鞋型名称: LA TRAINER 目標產能 : 480双/8H (60双/H) . TT：60.0秒/双 | E8: 不要 | F8: —
A9: 第7行 | B9: Phân loại nguyên liệu 材料类别 Classification Material | Pha cắt | In nước/vẽ chì | | E9: 不要 | F9: —
A10: 第8行 | B10: Cutting | Marking | Buffing | Skiving | E10: 不要 | F10: —
A11: 第9行 | B11: 裁断 | 印线/画线 | 磨皮 | 削皮 | E11: 不要 | F11: —
A12: B | B12: Phân loại nguyên liệu / Classification Material / 材料类别 | C12: 真皮 | D12: =#REF! | E12: 要 | F12: 公式(鎖定) | G12: 100%
A13: C | B13: STT / Seq.No / 序号 | C13: 2 | E13: 要 | F13: 自動帶入 | G13: 100%
A14: D | B14: Tên phối kiện / Name of Parts / 部件名称 | C14: Lỗ dây 鞋眼片 | E14: 要 | F14: 人工輸入 | G14: 100%
A15: E | B15: Số lớp / No.of Layer / 层数 | C15: 1 | E15: 要 | F15: 人工輸入 | G15: 100%
A16: F | B16: Số phối kiện/ chiếc / Quantity of Parts (1 Pie / 片数 | C16: 1 | D16: =SUM(F13:F27) ⚠ 5種變體 | E16: 要 | F16: 公式(鎖定) | G16: 100%
A17: G | B17: Số phối kiện / Quantity of Parts (1 Prs / 件数 | C17: 2 | E17: 要 | F17: 人工輸入 | G17: 100%
A18: H | B18: Số dao /H / Cut (Pair/ Hour) / 刀数/ H | C18: 450 | D18: ⚠ 8種變體 | E18: 要 | F18: 人工輸入 | G18: 100%
A19: I | B19: Tiêu chuẩn thời gian / Standard time (Secs/ Prs) / 標准時間 (秒/雙 | C19: =3600/H14/E14*G14 | D19: =3600/H14/E14*G14 ⚠ 5種變體 | E19: 要 | F19: 公式(鎖定) | G19: 100%
A20: J | B20: Số người lý luận / Operators in theory / 理论人数 | C20: =I14/$X$11 | D20: =I14/$X$11 ⚠ 6種變體 | E20: 要 | F20: 公式(鎖定) | G20: 100%
A21: K | B21: Số người cần của máy cắt / No.of Operators / 裁机要求人数 | C21: 1 | D21: =SUM(K13:K27) ⚠ 8種變體 | E21: 要 | F21: 公式(鎖定) | G21: 100%
A22: L | B22: Tiêu chuẩn thời gian / Standard time (Secs/ Prs) / 標准時間 (秒/雙 | C22: 4.8 | D22: =SUM(L13:L30) | E22: 要 | F22: 公式(鎖定) | G22: 100%
A23: M | B23: Số người lý luận / Operators in theory / 理论人数 | C23: =L16/$X$11 | D23: =L16/$X$11 ⚠ 4種變體 | E23: 要 | F23: 公式(鎖定) | G23: 100%
A24: N | B24: Tiêu chuẩn thời gian / Standard time (Secs/ Prs) / 標准時間 (秒/雙 | C24: =SUM(N13:N30) | D24: =SUM(N13:N30) ⚠ 7種變體 | E24: 要 | F24: 公式(鎖定) | G24: 100%
A25: O | B25: Số người lý luận / Operators in theory / 理论人数 | C25: =SUM(O13:O30) | D25: =SUM(O13:O30) ⚠ 3種變體 | E25: 要 | F25: 公式(鎖定) | G25: 100%
A26: P | B26: Tiêu chuẩn thời gian / Standard time (Secs/ Prs) / 標准時間 (秒/雙 | C26: 24.5 | D26: =SUM(P13:P30) ⚠ 7種變體 | E26: 要 | F26: 公式(鎖定) | G26: 100%
A27: Q | B27: Số người lý luận / Operators in theory / 理论人数 | C27: =P15/$X$11 | D27: =P15/$X$11 ⚠ 2種變體 | E27: 要 | F27: 公式(鎖定) | G27: 99%
A28: R | B28: Tiêu chuẩn thời gian / Standard time (Secs/ Prs) / 標准時間 (秒/雙 | C28: 27.6 | D28: =SUM(R13:R30) ⚠ 8種變體 | E28: 要 | F28: 公式(鎖定) | G28: 99%
A29: S | B29: Số người lý luận / Operators in theory / 理论人数 | C29: 2 | D29: =R20/$X$11 ⚠ 3種變體 | E29: 要 | F29: 公式(鎖定) | G29: 98%
A30: T | B30: Tiêu chuẩn thời gian / Standard time (Secs/ Prs) / 標准時間 (秒/雙 | C30: 4.2 | D30: =SUM(T13:T30) ⚠ 5種變體 | E30: 要 | F30: 公式(鎖定) | G30: 99%
A31: U | B31: Số người lý luận / Operators in theory / 理论人数 | C31: =T14/$X$11 | D31: =T14/$X$11 ⚠ 2種變體 | E31: 要 | F31: 公式(鎖定) | G31: 95%
A32: V | B32: Tiêu chuẩn thời gian / Standard time (Secs/ Prs) / 標准時間 (秒/雙 | C32: 18.5 | D32: =SUM(V13:V30) ⚠ 4種變體 | E32: 要 | F32: 公式(鎖定) | G32: 84%
A33: W | B33: Số người lý luận / Operators in theory / 理论人数 | C33: =V19/$X$11 | D33: =V19/$X$11 | E33: 要 | F33: 公式(鎖定) | G33: 76%

Sheet ATOM 自動化
A1: 類型: ATOM 自動化 | 樣本: header_id=32 sheet="ATOM" | 總檔數: 189 | 生成: 2026-06-11
A2: A: 原表位置 | B2: B: 欄位名稱/表頭文字 | C2: C: 樣本值 | D2: D: 公式原文 | E2: E: 判定 要/不要 | F2: F: 判定 輸入方式 | G2: G: 出現率% | H2: H: 【Jim反饋欄】← 空=同意，有字=修正意見
A3: 第1行 | B3: BIỂU PHÂN TÍCH LƯU TRÌNH MÁY CẮT TỰ ĐỘNG 自动裁断机流程分析表 | E3: 不要 | F3: —
A4: 第2行 | B4: OPERATION BREAKDOWN (OB) - Auto Cutting Section | E4: 不要 | F4: —
A5: 第3行 | B5: Mã số văn kiện: Document No. 文件編號: I/HYL/C-1 | E5: 不要 | F5: —
A6: 第4行 | B6: Tên hình thể : LA TRAINER OG Mục tiêu sản lượng : 960 đôi/ | E6: 不要 | F6: —
A7: 第5行 | B7: Model Name : LA TRAINER OG Target Output : 960 Prs / 8H (1 | E7: 不要 | F7: —
A8: 第6行 | B8: 鞋型名称: LA TRAINER OG 目標產能 : 960双/8H (120双/H) . TT：30.0秒/双 | E8: 不要 | F8: —
A9: B | B9: STT / Seq. No / 序號 | C9: 1 | D9: =' 同材共裁'!B26 | E9: 要 | F9: 公式(鎖定) | G9: 100%
A10: C | B10: Tên thao tác / Operations Name / 流程名稱: | C10: Thân mũi | E10: 要 | F10: 人工輸入 | G10: 100%
A11: D | B11: Số lớp / No.of Layer / 层数 | C11: 4 | E11: 要 | F11: 人工輸入 | G11: 100%
A12: E | B12: Tốc độ của máy / Machine speed / 機器速度 | C12: 8 | E12: 要 | F12: 人工輸入 | G12: 100%
A13: F | B13: Thời gian thực chất / Cycle time (Sec / Prs) / 正常時間 (秒/雙) | C13: 6.4 | D13: =(4*60+40)/14 ⚠ 41種變體 | E13: 要 | F13: 公式(鎖定) | G13: 100%
A14: G | B14: Trừ hao 12% / Allowance 12% / 寬放率12% | C14: 12 | E14: 要 | F14: 人工輸入 | G14: 100%
A15: H | B15: Tiêu chuẩn thời gian (Giây/ đôi) / Standard time (Sec/ Prs) | C15: =F10*1.12 | D15: =F10*1.12 ⚠ 5種變體 | E15: 要 | F15: 公式(鎖定) | G15: 100%
A16: I | B16: Mục tiêu sản xuất (Đôi / H) / Target output (Pair/ Hou | C16: =3600/H10 | D16: =3600/H10 ⚠ 3種變體 | E16: 要 | F16: 公式(鎖定) | G16: 100%
A17: J | B17: Số người lý luận / Operators in theory / 理論 人數 | C17: =H10/$O$9 | D17: =H10/$O$9 ⚠ 3種變體 | E17: 要 | F17: 公式(鎖定) | G17: 100%
A18: K | B18: Số người thực tế IE sắp đặt / No.of Operators / 實際 人數 | C18: 1 | D18: =SUM(K10:K15) ⚠ 4種變體 | E18: 要 | F18: 公式(鎖定) | G18: 100%
A19: L | B19: Những công cụ sử dụng / Machines 所用工具 / Tên máy Name of mac | C19: ATOM | D19: ⚠ 2種變體 | E19: 要 | F19: 人工輸入 | G19: 100%
A20: M | B20: SL máy Quantity of machine 机器數量 | C20: 1 | D20: =SUM(M10:M15) ⚠ 2種變體 | E20: 要 | F20: 公式(鎖定) | G20: 100%

Sheet 電腦針車 AC
A1: 類型: 電腦針車 AC | 樣本: header_id=32 sheet="AC" | 總檔數: 178 | 生成: 2026-06-11
A2: A: 原表位置 | B2: B: 欄位名稱/表頭文字 | C2: C: 樣本值 | D2: D: 公式原文 | E2: E: 判定 要/不要 | F2: F: 判定 輸入方式 | G2: G: 出現率% | H2: H: 【Jim反饋欄】← 空=同意，有字=修正意見
A3: 第1行 | B3: BIỂU PHÂN TÍCH LƯU TRÌNH PHA CẮT 裁斷流程分析表 | E3: 不要 | F3: —
A4: 第2行 | B4: OPERATION BREAKDOWN (OB) - Cutting Section | E4: 不要 | F4: —
A5: 第3行 | B5: Model Name : SS26 LA TRAINER OG Art: KJ4387-88 | E5: 不要 | F5: —
A6: B | B6: Phân loại nguyên liệu / 材料类别 / 1.2-1.4MM 反毛皮 牛二层皮 | C6: 特多龙布+ 2MM 泡棉 | E6: 要 | F6: 人工輸入 | G6: 100%
A7: C | B7: STT / 序号 / 1 | C7: 2 | E7: 要 | F7: 自動帶入 | G7: 100%
A8: D | B8: Tên phối kiện / 部件名称 / Nắp mũi 前片 | C8: Lỗ dây 鞋眼片 | E8: 要 | F8: 人工輸入 | G8: 100%
A9: E | B9: Số lớp / 层数 / 1 | C9: 1 | E9: 要 | F9: 人工輸入 | G9: 100%
A10: F | B10: Số phối kiện (đôi) / 片数 (雙) / 2 | C10: 2 | D10: =SUM(F7:F26) ⚠ 2種變體 | E10: 要 | F10: 公式(鎖定) | G10: 100%
A11: G | B11: Pha cắt / 裁断 / EMMA | C11: ATOM | D11: ⚠ 2種變體 | E11: 要 | F11: 人工輸入 | G11: 100%

Sheet Stitching 針車
A1: 類型: Stitching 針車 | 樣本: header_id=32 sheet="Stitching" | 總檔數: 193 | 生成: 2026-06-11
A2: A: 原表位置 | B2: B: 欄位名稱/表頭文字 | C2: C: 樣本值 | D2: D: 公式原文 | E2: E: 判定 要/不要 | F2: F: 判定 輸入方式 | G2: G: 出現率% | H2: H: 【Jim反饋欄】← 空=同意，有字=修正意見
A3: 第1行 | B3: BIỂU PHÂN TÍCH LƯU TRÌNH ĐƠN VỊ MAY針車流程分析表 | E3: 不要 | F3: —
A4: 第2行 | B4: OPERATION BREAKDOWN (OB) - Stitching Section | E4: 不要 | F4: —
A5: 第3行 | B5: Mã số văn kiện : Document No. 文件編號: I/HYL/S-1 | E5: 不要 | F5: —
A6: 第4行 | B6: Tên hình thể : LA TRAINER OG Mục tiêu sản lượng : 960 đôi/ | E6: 不要 | F6: —
A7: 第5行 | B7: Model Name : LA TRAINER OG Target Output : 960 Prs / 8H (1 | E7: 不要 | F7: —
A8: 第6行 | B8: 鞋型名称: LA TRAINER OG 目標產能 : 960双/8H (120双/H) . TT：30.0秒/双 | E8: 不要 | F8: —
A9: B | B9: STT / Seq.No / 序號 | C9: 1 | D9: =SUM.C2B!B35 | E9: 要 | F9: 公式(鎖定) | G9: 100%
A10: C | B10: Tên thao tác / Operations Name / 流程名稱: | C10: May cuộn ống | E10: 要 | F10: 人工輸入 | G10: 100%
A11: D | B11: Thời gian thực chất / Cycle time (Secs/ Prs) / 正常時間 (秒/雙) | C11: 54.8 | D11: ='Sub.Stitching '!D38 ⚠ 2種變體 | E11: 要 | F11: 公式(鎖定) | G11: 100%
A12: E | B12: Trừ hao 10% / Allowance (10%) / 寬放率% | C12: 10 | E12: 要 | F12: 人工輸入 | G12: 100%
A13: F | B13: Tiêu chuẩn thời gian giây/đôi / Standard time (Secs/ Prs | C13: =D10*1.1 | D13: =D10*1.1 | E13: 要 | F13: 公式(鎖定) | G13: 100%
A14: G | B14: Mục tiêu sản xuất (đôi/H) / Target output (Pair/ Hou | C14: =3600/F10 | D14: =3600/F10 | E14: 要 | F14: 公式(鎖定) | G14: 100%
A15: H | B15: Số người lý luận / Operators in theory / 理論人數 | C15: 2 | D15: =F10/$M$8 ⚠ 4種變體 | E15: 要 | F15: 公式(鎖定) | G15: 100%
A16: I | B16: Số người thực tế IE sắp đặt / No.of Operators / 實際人數 | C16: 2 | D16: ='Sub.Stitching '!I38 | E16: 要 | F16: 公式(鎖定) | G16: 100%
A17: J | B17: Những công cụ sử dụng Machines 所用工具 / Những công cụ sử dụng | C17: Máy 1 kim 高单机 | E17: 要 | F17: 人工輸入 | G17: 100%
A18: K | B18: Số lượng máy Quantity of machine 机器數量 | C18: 2 | D18: ='Sub.Stitching '!K38 | E18: 要 | F18: 公式(鎖定) | G18: 100%

Sheet Assembly.1 成型1
A1: 類型: Assembly.1 成型1 | 樣本: header_id=32 sheet="Assembly.1" | 總檔數: 194 | 生成: 2026-06-11
A2: A: 原表位置 | B2: B: 欄位名稱/表頭文字 | C2: C: 樣本值 | D2: D: 公式原文 | E2: E: 判定 要/不要 | F2: F: 判定 輸入方式 | G2: G: 出現率% | H2: H: 【Jim反饋欄】← 空=同意，有字=修正意見
A3: 第1行 | B3: BIỂU PHÂN TÍCH LƯU TRÌNH ĐƠN VỊ GÒ 成型流程分析表 | E3: 不要 | F3: —
A4: 第2行 | B4: OPERATION BREAKDOWN (OB) - Assembly Section | E4: 不要 | F4: —
A5: 第3行 | B5: Mã số văn kiện : Document No. 文件編號: I/HYL /A-1 | E5: 不要 | F5: —
A6: 第4行 | B6: Tên hình thể : LA TRAINER OG Mục tiêu sản lượng : 960 đôi/ | E6: 不要 | F6: —
A7: 第5行 | B7: Model Name : LA TRAINER OG Target Output : 960 Prs / 8H (1 | E7: 不要 | F7: —
A8: 第6行 | B8: 鞋型名称: LA TRAINER OG 目標產能 : 960双/8H (120双/H) . TT：30.0秒/双 | E8: 不要 | F8: —
A9: B | B9: STT / Seq.No / 序號 | C9: 1 | D9: =SUM.C2B!B35 | E9: 要 | F9: 公式(鎖定) | G9: 100%
A10: C | B10: Tên thao tác / Operations Name / 流程名稱: | C10: Xỏ dây | E10: 要 | F10: 人工輸入 | G10: 100%
A11: D | B11: Thời gian thực chất / Cycle time (Secs/ Prs) / 正常時間 (秒/雙) | C11: 81 | D11: =SUM(D10:D55) ⚠ 4種變體 | E11: 要 | F11: 公式(鎖定) | G11: 100%
A12: E | B12: Trừ hao 10% / Allowance (10%) / 寬放率% | C12: 10 | E12: 要 | F12: 人工輸入 | G12: 100%
A13: F | B13: Tiêu chuẩn thời gian giây/đôi / Standard time (Secs/ Prs | C13: =D10*1.1 | D13: =D10*1.1 | E13: 要 | F13: 公式(鎖定) | G13: 100%
A14: G | B14: Mục tiêu sản xuất (đôi/H) / Target output (Pair/ Hou | C14: =3600/F10 | D14: =3600/F10 ⚠ 2種變體 | E14: 要 | F14: 公式(鎖定) | G14: 100%
A15: H | B15: Số người lý luận / Operators in theory / 理論人數 | C15: =F10/$N$8 | D15: =F10/$N$8 ⚠ 2種變體 | E15: 要 | F15: 公式(鎖定) | G15: 100%
A16: I | B16: Số người thực tế IE sắp đặt / No.of Operators / 實際人數 | C16: 3 | D16: =SUM(I10:I55) | E16: 要 | F16: 公式(鎖定) | G16: 100%
A17: J | B17: Những công cụ sử dụng Machines 所用工具 / Tên máy Name of mach | C17: Thủ công 手工 | E17: 要 | F17: 人工輸入 | G17: 100%
A18: K | B18: Số lượng máy Quantity of machine 机器數量 | C18: 1 | D18: =SUM(K10:K55) | E18: 要 | F18: 公式(鎖定) | G18: 100%
A19: L | B19: Ghi chú / Remarks / 備注 | C19: =28800/F12*K12 | D19: =28800/F12*K12 ⚠ 2種變體 | E19: 要 | F19: 公式(鎖定) | G19: 100%

Sheet Assembly.2 成型2
A1: 類型: Assembly.2 成型2 | 樣本: header_id=32 sheet="Assembly.2" | 總檔數: 193 | 生成: 2026-06-11
A2: A: 原表位置 | B2: B: 欄位名稱/表頭文字 | C2: C: 樣本值 | D2: D: 公式原文 | E2: E: 判定 要/不要 | F2: F: 判定 輸入方式 | G2: G: 出現率% | H2: H: 【Jim反饋欄】← 空=同意，有字=修正意見
A3: 第1行 | B3: BIỂU PHÂN TÍCH LƯU TRÌNH ĐƠN VỊ GÒ 成型流程分析表 | E3: 不要 | F3: —
A4: 第2行 | B4: OPERATION BREAKDOWN (OB) - Assembly Section | E4: 不要 | F4: —
A5: 第3行 | B5: Mã số văn kiện : Document No. 文件編號: I/HYL /A-1 | E5: 不要 | F5: —
A6: 第4行 | B6: Tên hình thể : LA TRAINER OG Mục tiêu sản lượng : 960 đôi/ | E6: 不要 | F6: —
A7: 第5行 | B7: Model Name : LA TRAINER OG Target Output : 960 Prs / 8H (1 | E7: 不要 | F7: —
A8: 第6行 | B8: 鞋型名称: LA TRAINER OG 目標產能 : 960双/8H (120双/H) . TT：30.0秒/双 | E8: 不要 | F8: —
A9: B | B9: STT / Seq.No / 序號 | C9: 24 | D9: =SUM.C2B!B35 | E9: 要 | F9: 公式(鎖定) | G9: 100%
A10: C | B10: Tên thao tác / Operations Name / 流程名稱: | C10: Dán miếng chèn đế giữa | E10: 要 | F10: 人工輸入 | G10: 100%
A11: D | B11: Thời gian thực chất / Cycle time (Secs/ Prs) / 正常時間 (秒/雙) | C11: 20.7 | D11: =SUM(D10:D49)+Assembly.1!D61 ⚠ 3種變體 | E11: 要 | F11: 公式(鎖定) | G11: 100%
A12: E | B12: Trừ hao 10% / Allowance (10%) / 寬放率% | C12: 10 | E12: 要 | F12: 人工輸入 | G12: 100%
A13: F | B13: Tiêu chuẩn thời gian giây/đôi / Standard time (Secs/ Prs | C13: =D10*1.1 | D13: =D10*1.1 | E13: 要 | F13: 公式(鎖定) | G13: 100%
A14: G | B14: Mục tiêu sản xuất (đôi/H) / Target output (Pair/ Hou | C14: =3600/F10 | D14: =3600/F10 | E14: 要 | F14: 公式(鎖定) | G14: 100%
A15: H | B15: Số người lý luận / Operators in theory / 理論人數 | C15: 2 | D15: =F10/$N$8 ⚠ 6種變體 | E15: 要 | F15: 公式(鎖定) | G15: 100%
A16: I | B16: Số người thực tế IE sắp đặt / No.of Operators / 實際人數 | C16: 1 | D16: =SUM(I10:I49)+Assembly.1!I61 | E16: 要 | F16: 公式(鎖定) | G16: 100%
A17: J | B17: Những công cụ sử dụng Machines 所用工具 / Tên máy Name of mach | C17: Máy lăn keo 過膠機 | E17: 要 | F17: 人工輸入 | G17: 100%
A18: K | B18: Số lượng máy Quantity of machine 机器數量 | C18: 1 | D18: =SUM(K10:K49)+Assembly.1!K61 | E18: 要 | F18: 公式(鎖定) | G18: 100%
A19: L | B19: Ghi chú / Remarks / 備注 | C19: =28800/(90/(150/40)) | D19: =28800/(90/(150/40)) ⚠ 6種變體 | E19: 要 | F19: 公式(鎖定) | G19: 100%
A20: M | B20: (無標題 M) | C20: Dài 1.5m,1ô 40 cm 烘箱长1.5m,1 格40cm | E20: 要 | F20: 人工輸入 | G20: 98%

Sheet SUM C2B
A1: 類型: SUM C2B | 樣本: header_id=32 sheet="SUM.C2B" | 總檔數: 195 | 生成: 2026-06-11
A2: A: 原表位置 | B2: B: 欄位名稱/表頭文字 | C2: C: 樣本值 | D2: D: 公式原文 | E2: E: 判定 要/不要 | F2: F: 判定 輸入方式 | G2: G: 出現率% | H2: H: 【Jim反饋欄】← 空=同意，有字=修正意見
A3: 第1行 | B3: BIỂU TÓM TẮT QUÁ TRÌNH SẢN XUẤT 生产流程分析表 OPERATION BREAKDO | E3: 不要 | F3: —
A4: 第2行 | B4: Tên hình thể sản xuất Product Brand Name 鞋型名称: LA TRAINER | E4: 不要 | F4: —
A5: 第3行 | B5: Mã số Article: KH9680-81 | E5: 不要 | F5: —
A6: 第4行 | B6: Loại nguyên liệu Material 材料类: Vải lưới+ da lộn+ da giả/ Mes | E6: 不要 | F6: —
A7: 第5行 | B7: Mùa sản xuất Season 生产季度: FW26 | E7: 不要 | F7: —
A8: 第6行 | B8: Mã loại Category: Originals | E8: 不要 | F8: —
A9: 第7行 | B9: Màu Color 颜色: Màu xanh rêu/ Moss green/苔绿色 | E9: 不要 | F9: —
A10: 第8行 | B10: Size trung bình Medium Size 中码数: 8T | E10: 不要 | F10: —
A11: 第9行 | B11: Mã số đế Outsole Code : AD-00819 Mã số : 01 | E11: 不要 | F11: —
A12: 第10行 | B12: Bộ phận pha cắt | Bộ phận may | Bộ phận gò | Bộ phận phân xưởng đế | E12: 不要 | F12: —
A13: 第11行 | B13: Cutting Section | Stitching Section | Assembly Section | Stockfitting Section | E13: 不要 | F13: —
A14: 第12行 | B14: 裁断部 | 针车部 | 成型 | 大底课 | E14: 不要 | F14: —
A15: 第13行 | B15: Mục tiêu sản lượng | Số người pha cắt | Hiệu suất sản xuất | Mục tiêu sản lượ | E15: 不要 | F15: —
A16: B | B16: Target Output (Prs/8Hr) / 标准产量 (双/8H) | C16: 120双/H (960双 /8H) | D16: ⚠ 2種變體 | E16: 要 | F16: 自動帶入 | G16: 100%
A17: C | B17: No.of Operators / 裁断人员 | C17: Đơn vị 单位 | D17: =Cutting_TC!J39 ⚠ 25種變體 | E17: 要 | F17: 公式(鎖定) | G17: 100%
A18: D | B18: PPH (Prs /person /H) / 生产效率 (双/人/H) | C18: MP | D18: =(960/8)/C16 ⚠ 2種變體 | E18: 要 | F18: 公式(鎖定) | G18: 100%
A19: E | B19: Target Output (Prs/8Hr) / 标准产量 (双/8H) | C19: 120双/H (960双 /8H) | D19: =($E$23/D24)*233 ⚠ 2種變體 | E19: 要 | F19: 公式(鎖定) | G19: 100%
A20: F | B20: No.of Operators / 针车人员 | C20: =Stitching!I32 | D20: =Stitching!I32 ⚠ 10種變體 | E20: 要 | F20: 公式(鎖定) | G20: 100%
A21: G | B21: PPH (Prs /person /H) / 生产效率 (双/人/H) | C21: =(960/8)/F16 | D21: =(960/8)/F16 ⚠ 2種變體 | E21: 要 | F21: 公式(鎖定) | G21: 100%
A22: H | B22: Target Output (Prs/8Hr) / 标准产量 (双/8H) | C22: 120双/H (960双 /8H) | E22: 要 | F22: 自動帶入 | G22: 100%
A23: I | B23: No.of Operators / 成型人员 | C23: =Assembly.2!I50 | D23: =Assembly.2!I50 ⚠ 9種變體 | E23: 要 | F23: 公式(鎖定) | G23: 100%
A24: J | B24: PPH (Prs /person /H) / 生产效率 (双/人/H) | C24: TCT (秒/雙) | D24: =(960/8)/I16 ⚠ 3種變體 | E24: 要 | F24: 公式(鎖定) | G24: 100%
A25: K | B25: Target Output (Prs/8Hr) / 贴本底 标准产量 (双/8H) | C25: 120双/H (960双 /8H) | D25: =C16+F16+L19 | E25: 要 | F25: 公式(鎖定) | G25: 100%
A26: L | B26: No.of Operators / 贴底人员 | C26: 16 | D26: ='电脑针车 '!P17 ⚠ 13種變體 | E26: 要 | F26: 公式(鎖定) | G26: 100%
A27: M | B27: PPH (Prs /person /H) / 生产效率 (双/人/H) | C27: 404 | D27: =(960/8)/L16 ⚠ 2種變體 | E27: 要 | F27: 公式(鎖定) | G27: 100%
A28: N | B28: Total PPH / 总体效率 (双/H/人) | C28: Ghi chú 備注 | D28: =3600/((3600/D16)+(3600/G16)+(3600/J16)+(3600/M16)) ⚠ 2種變體 | E28: 要 | F28: 公式(鎖定) | G28: 100%
A29: P | B29: (無標題 P) | C29: =10/180*60 | D29: =10/180*60 ⚠ 4種變體 | E29: 要 | F29: 公式(鎖定) | G29: 11%

Sheet StockLót
A1: 類型: Stock/Lót | 樣本: header_id=7 sheet="SUM_Stock" | 總檔數: 150 | 生成: 2026-06-11
A2: A: 原表位置 | B2: B: 欄位名稱/表頭文字 | C2: C: 樣本值 | D2: D: 公式原文 | E2: E: 判定 要/不要 | F2: F: 判定 輸入方式 | G2: G: 出現率% | H2: H: 【Jim反饋欄】← 空=同意，有字=修正意見
A3: 第1行 | B3: BIỂU TÓM TẮT QUÁ TRÌNH SẢN XUẤT 生产流程分析表 | E3: 不要 | F3: —
A4: 第2行 | B4: OPERATION BREAKDOWN SUMMARY | E4: 不要 | F4: —
A5: 第4行 | B5: Tên hình thể sản xuất Product Brand Name 鞋型名称 : SL 72 RS | E5: 不要 | F5: —
A6: 第5行 | B6: Mã số Article : IG2132 | E6: 不要 | F6: —
A7: 第6行 | B7: Loại nguyên liệu Material 材料类 : Cao su+IMEVA/rubber o/s+IME | E7: 不要 | F7: —
A8: 第7行 | B8: Mùa sản xuất Season 生产季度: SS25 | E8: 不要 | F8: —
A9: 第8行 | B9: Mã loại Category : Originals | E9: 不要 | F9: —
A10: 第9行 | B10: Màu Color 颜色: Màu xanh ,đỏ ,vàng | E10: 不要 | F10: —
A11: 第10行 | B11: Size trung bình Medium Size 中码数: 8T | E11: 不要 | F11: —
A12: 第11行 | B12: Mã số đế Outsole Code : AD-65744 Mã số : 01 | E12: 不要 | F12: —
A13: 第12行 | B13: Bộ phận mài thô | Bộ phận rửa đế | Bộ phận UV chiếu xạ | Bộ phận Dán đế | E13: 不要 | F13: —
A14: 第13行 | B14: Buffing Section | O/S Washing Section | UV Treat ment Section | O/S Attaching Se | E14: 不要 | F14: —
... A16: 第15行 | B16: Mục tiêu sản lượng | Số người mài thô | Hiệu suất sản xuất | Mục tiêu sản lượng | E16: 不要 | F16: —
A17: B | B17: Target Output (Prs/8Hr) / 标准产量 (双/8H) | C17: 220双/H (1760双 /8H) | E17: 要 | F17: 自動帶入 | G17: 100%
A18: C | B18: No.of Operators / 打粗人员 | C18: Labor count : 37.0 Operators | D18: =' 打粗'!I20 ⚠ 6種變體 | E18: 要 | F18: 公式(鎖定) | G18: 100%
A19: D | B19: PPH (Prs /person /H) / 生产效率 (双/人/H) | C19: MP | D19: =(1760/8)/C18 ⚠ 6種變體 | E19: 要 | F19: 公式(鎖定) | G19: 100%
A20: E | B20: Target Output (Prs/8Hr) / 标准产量 (双/8H) | C20: 220双/H (1760双 /8H) | D20: =(E23/$D$24)*233 | E20: 要 | F20: 公式(鎖定) | G20: 100%
A21: F | B21: No.of Operators / 洗底人员 | C21: =水洗!I21 | D21: =水洗!I21 ⚠ 4種變體 | E21: 要 | F21: 公式(鎖定) | G21: 97%
A22: G | B22: PPH (Prs /person /H) / 生产效率 (双/人/H) | C22: =(1760/8)/F18 | D22: =(1760/8)/F18 ⚠ 6種變體 | E22: 要 | F22: 公式(鎖定) | G22: 100%
A23: H | B23: Target Output (Prs/8Hr) / 标准产量 (双/8H) | C23: 220双/H (1760双 /8H) | E23: 要 | F23: 自動帶入 | G23: 100%
A24: I | B24: No.of Operators / UV 照射人员 | C24: ='组底面照射 '!I24+成型面照射!I26 | D24: ='组底面照射 '!I24+成型面照射!I26 ⚠ 7種變體 | E24: 要 | F24: 公式(鎖定) | G24: 93%
A25: J | B25: PPH (Prs /person /H) / 生产效率 (双/人/H) | C25: Stockfitting MP : 40 Operators | D25: =(1760/8)/I18 ⚠ 7種變體 | E25: 要 | F25: 公式(鎖定) | G25: 100%
A26: K | B26: Target Output (Prs/8Hr) / 贴本底标准产量 (双/8H) | C26: 220双/H (1760双 /8H) | D26: =C18+F18+I18+L18 | E26: 要 | F26: 公式(鎖定) | G26: 100%
A27: L | B27: No.of Operators / 贴底人员 | C27: PPH | D27: =贴大底!I51 ⚠ 11種變體 | E27: 要 | F27: 公式(鎖定) | G27: 100%
A28: M | B28: PPH (Prs /person /H) / 生产效率 (双/人/H) | C28: Diff . (E-PPH & IE-PPH) | D28: =(1760/8)/L18 ⚠ 7種變體 | E28: 要 | F28: 公式(鎖定) | G28: 100%
A29: N | B29: Total PPH / 总体效率 (双/H/人) | C29: =3600/((3600/D18)+(3600/G18)+(3600/J18)+(3600/M18) | D29: =3600/((3600/D18)+(3600/G18)+(3600/J18)+(3600/M18)) ⚠ 4種變體 | E29: 要 | F29: 公式(鎖定) | G29: 100%
A30: O | B30: Remarks / 备注 | C30: =M19+J19+G19+D19 | D30: =M19+J19+G19+D19 ⚠ 8種變體 | E30: 要 | F30: 公式(鎖定) | G30: 99%
A31: P | B31: (無標題 P) | C31: 第一次 | D31: ⚠ 3種變體 | E31: 要 | F31: 人工輸入 | G31: 7%
A32: Q | B32: (無標題 Q) | C32: =P19-O19 | D32: =P19-O19 ⚠ 2種變體 | E32: 要 | F32: 公式(鎖定) | G32: 2%

Sheet 打粗
A1: 類型: 打粗 | 樣本: header_id=7 sheet=" 打粗" | 總檔數: 150 | 生成: 2026-06-11
A2: A: 原表位置 | B2: B: 欄位名稱/表頭文字 | C2: C: 樣本值 | D2: D: 公式原文 | E2: E: 判定 要/不要 | F2: F: 判定 輸入方式 | G2: G: 出現率% | H2: H: 【Jim反饋欄】← 空=同意，有字=修正意見
A3: 第1行 | B3: BIỂU TÓM TẮT QUÁ TRÌNH SẢN XUẤT 生产流程分析表 | E3: 不要 | F3: —
A4: 第2行 | B4: OPERATION BREAKDOWN SUMMARY | E4: 不要 | F4: —
A5: 第4行 | B5: Mã số văn kiện : Document No. 文件編號: I/ WQX/A-1 | E5: 不要 | F5: —
A6: 第5行 | B6: Tên hình thể giày: SL 72 RS Mục tiêu sản lượng: 1760 đôi/ 8 | E6: 不要 | F6: —
A7: 第6行 | B7: Model Name : SL 72 RS Target Output : 1760 Prs / 8H (220 Prs | E7: 不要 | F7: —
A8: 第7行 | B8: 鞋型名称: SL 72 RS 目標產能 : 1760 双/8H (220双/H). TT：16.4秒/双 | E8: 不要 | F8: —
A9: 第8行 | B9: 流程名稱 : Mài thô / 打粗 Mã số đế Outsole C | E9: 不要 | F9: —
A10: B | B10: STT / Seq.No / 序號 | C10: 1 | D10: =SUM_Stock!B31:D31 | E10: 要 | F10: 公式(鎖定) | G10: 100%
A11: C | B11: Tên thao tác / Operations Name / 流程名稱: | C11: Mài thô RB đế | E11: 要 | F11: 人工輸入 | G11: 100%
A12: D | B12: Thời gian thực chất / Cycle time (Secs/ Pr) / 正常時間 (秒/雙) | C12: 15 | D12: =SUM(D12:D19) ⚠ 3種變體 | E12: 要 | F12: 公式(鎖定) | G12: 100%
A13: E | B13: Trừ hao 10% / Allowance (10%) / 寬放率% | C13: 10 | E13: 要 | F13: 人工輸入 | G13: 100%
A14: F | B14: Tiêu chuẩn thời gian giây/đôi / Standard time (Secs/ Pr) | C14: =D12*1.1 | D14: =D12*1.1 | E14: 要 | F14: 公式(鎖定) | G14: 100%
A15: G | B15: Mục tiêu sản xuất (đôi/H) / Target output (Pair/ Hou | C15: =3600/F12 | D15: =3600/F12 | E15: 要 | F15: 公式(鎖定) | G15: 100%
A16: H | B16: Số người lý luận / Operators in theory / 理論人數 | C16: =F12/$M$10 | D16: =F12/$M$10 ⚠ 4種變體 | E16: 要 | F16: 公式(鎖定) | G16: 100%
A17: I | B17: Số người thực tế IE sắp đặt / No.of Operators / 實際人數 | C17: 6 | D17: =SUM(I12:I19) ⚠ 2種變體 | E17: 要 | F17: 公式(鎖定) | G17: 100%
A18: J | B18: Những công cụ sử dụng Machines 所用工具 / Những công cụ sử dụng | C18: Auto Buffing | E18: 要 | F18: 人工輸入 | G18: 100%
A19: K | B19: Số lượng máy Quantity of machine 机器數量 | C19: 1 | E19: 要 | F19: 人工輸入 | G19: 100%
A20: L | B20: Ghi chú / Remarks / 備注 | C20: có khuôn | E20: 要 | F20: 人工輸入 | G20: 100%

Sheet 水洗
A1: 類型: 水洗 | 樣本: header_id=5 sheet="水洗" | 總檔數: 150 | 生成: 2026-06-11
A2: A: 原表位置 | B2: B: 欄位名稱/表頭文字 | C2: C: 樣本值 | D2: D: 公式原文 | E2: E: 判定 要/不要 | F2: F: 判定 輸入方式 | G2: G: 出現率% | H2: H: 【Jim反饋欄】← 空=同意，有字=修正意見
A3: 第1行 | B3: BIỂU TÓM TẮT QUÁ TRÌNH SẢN XUẤT 生产流程分析表 | E3: 不要 | F3: —
A4: 第2行 | B4: OPERATION BREAKDOWN SUMMARY | E4: 不要 | F4: —
A5: 第4行 | B5: Mã số văn kiện : Document No. 文件編號: I/ WQX/A-1 | E5: 不要 | F5: —
A6: 第5行 | B6: Tên hình thể giày: SL 72 RS ELC/ELI Mục tiêu sản lượng: 160 | E6: 不要 | F6: —
A7: 第6行 | B7: Model Name : SL 72 RS ELC/ELI Target Output : 1600 Prs / 8H | E7: 不要 | F7: —
A8: 第7行 | B8: 鞋型名称: SL 72 RS ELC/ELI 目標產能 : 1600 双/8H (200双/H). TT：18.0 秒 | E8: 不要 | F8: —
A9: 第8行 | B9: 流程名稱: 水洗 - Rửa đế / RB Mã số đế Outs | E9: 不要 | F9: —
A10: B | B10: STT / Seq.No / 序號 | C10: 1 | D10: =SUM_Stock!B31 | E10: 要 | F10: 公式(鎖定) | G10: 100%
A11: C | B11: Tên thao tác / Operations Name / 流程名稱: | C11: Thả liệu | E11: 要 | F11: 人工輸入 | G11: 100%
A12: D | B12: Thời gian thực chất / Cycle time (Secs/ Pr) / 正常時間 (秒/雙) | C12: 2 | D12: =SUM(D13:D29) | E12: 要 | F12: 公式(鎖定) | G12: 100%
A13: E | B13: Trừ hao 10% / Allowance (10%) / 寬放率% | C13: 10 | E13: 要 | F13: 人工輸入 | G13: 100%
A14: F | B14: Tiêu chuẩn thời gian giây/đôi / Standard time (Secs/ Pr) | C14: =D13*1.1 | D14: =D13*1.1 | E14: 要 | F14: 公式(鎖定) | G14: 100%
A15: G | B15: Mục tiêu sản xuất (đôi/H) / Target output (Pair/ Hou | C15: =3600/F13 | D15: =3600/F13 | E15: 要 | F15: 公式(鎖定) | G15: 100%
A16: H | B16: Số người lý luận / Operators in theory / 理論人數 | C16: =F13/$M$10 | D16: =F13/$M$10 ⚠ 3種變體 | E16: 要 | F16: 公式(鎖定) | G16: 100%
A17: I | B17: Số người thực tế IE sắp đặt / No.of Operators / 實際人數 | C17: 0.5 | D17: =SUM(I13:I29) | E17: 要 | F17: 公式(鎖定) | G17: 100%
A18: J | B18: Những công cụ sử dụng Machines 所用工具 / Tên máy Name of machi | C18: Thủ công 手工 | E18: 要 | F18: 人工輸入 | G18: 100%
A19: K | B19: Số lượng máy Quantity of machine 机器數量 | C19: =28800/(375/(1165/40))*4 | D19: =28800/(375/(1165/40))*4 ⚠ 2種變體 | E19: 要 | F19: 公式(鎖定) | G19: 100%
A20: L | B20: Ghi chú / Remarks / 備注 | C20: Dài 11.65M, chiều rộng 40cm, thời gian 375 giây 长1 | D20: ⚠ 4種變體 | E20: 要 | F20: 人工輸入 | G20: 100%
